TARGET, MODEL, PRED_DOCKQ, TRUE_DOCKQ
8GZ5,fold_8gz5_1_model_0,0.88896483,0.509
8GZ5,fold_8gz5_1_model_1,0.31130248,0.185
8GZ5,fold_8gz5_1_model_2,0.42990848,0.669
8GZ5,fold_8gz5_1_model_3,0.5213479,0.092
8GZ5,fold_8gz5_1_model_4,0.79419833,0.066
8GZ5,fold_8gz5_2_model_0,0.7545628,0.852
8GZ5,fold_8gz5_2_model_1,0.30579567,0.864
8GZ5,fold_8gz5_2_model_2,0.42316163,0.844
8GZ5,fold_8gz5_2_model_3,0.79434294,0.864
8GZ5,fold_8gz5_2_model_4,0.8235701,0.858
8GZ5,fold_8gz5_3_model_0,0.7697851,0.889
8GZ5,fold_8gz5_3_model_1,0.4746716,0.868
8GZ5,fold_8gz5_3_model_2,0.17747849,0.831
8GZ5,fold_8gz5_3_model_3,0.2634618,0.86
8GZ5,fold_8gz5_3_model_4,0.7975746,0.873
8GZ5,fold_8gz5_4_model_0,0.6894552,0.057
8GZ5,fold_8gz5_4_model_1,0.59267116,0.038
8GZ5,fold_8gz5_4_model_2,0.30242565,0.065
8GZ5,fold_8gz5_4_model_3,0.050266206,0.014
8GZ5,fold_8gz5_4_model_4,0.08786371,0.01
8GZ5,fold_8gz5_5_model_0,0.48075482,0.88
8GZ5,fold_8gz5_5_model_1,0.87932587,0.878
8GZ5,fold_8gz5_5_model_2,0.5087323,0.87
8GZ5,fold_8gz5_5_model_3,0.7964208,0.883
8GZ5,fold_8gz5_5_model_4,0.7196212,0.876
